id;full_name;email;identity_number;telephone_number;gender;password;blood_type;specialist;avaliable_times;department_id
1;program transition Steel;Bridget.Hintz@yahoo.com;Som;Savings connecting;FEMALE;Clothing;BRH;navigating;../fake-data/blob/hipster.txt;1
2;object-oriented XSS;Winona.Cole@yahoo.com;back-end optimize;Switchable;OTHER;instruction Points;BRH;Investment Customer;../fake-data/blob/hipster.txt;2
3;Outdoors Summit;Eino_DAmore@yahoo.com;models even-keeled;mission-critical;OTHER;heuristic;ABRH;Wooden matrix;../fake-data/blob/hipster.txt;3
4;Towels Connecticut feed;Gerry21@hotmail.com;Developer green Metal;Unbranded;FEMALE;Fish;Orh;incentivize haptic;../fake-data/blob/hipster.txt;4
5;24/365 Hampshire;Roderick.Cormier@gmail.com;Unbranded service-desk;experiences Mauritius clear-thinking;MALE;Bike GB;ORH;Uganda Mariana 6th;../fake-data/blob/hipster.txt;5
6;evolve;Vada92@hotmail.com;Chief enable;Chicken;FEMALE;Baby;Orh;withdrawal;../fake-data/blob/hipster.txt;6
7;Metal Suriname;Adrian28@hotmail.com;Unbranded fresh-thinking Rupee;radical pink SSL;MALE;Account Rubber;ARH;Generic alarm;../fake-data/blob/hipster.txt;7
8;grid-enabled Persevering index;Ursula2@gmail.com;Steel input;Missouri;FEMALE;Regional;Arh;override Salad Mouse;../fake-data/blob/hipster.txt;8
9;Applications action-items;Cassandra.Ward35@hotmail.com;Cambridgeshire haptic;Glens generate;OTHER;Ports Metal integrated;ARH;Account JBOD Palestinian;../fake-data/blob/hipster.txt;9
10;architecture;Terrill83@hotmail.com;copying;panel redundant;MALE;Program Licensed Anguilla;Arh;override Buckinghamshire Clothing;../fake-data/blob/hipster.txt;10
