id;full_name;email;identity_number;telephone_number;gender;password;blood_type
1;Steel infrastructures;Marlon_Ziemann@hotmail.com;Paradigm scalable;Ouguiya Towels Computers;MALE;synergies deliverables;ARH
2;Wooden;Leonor_Gutmann88@hotmail.com;Toys;bandwidth Credit Generic;FEMALE;port methodical;ABrh
3;integrated even-keeled;Terence_Crona@gmail.com;Card Plastic digital;transmitting Plastic;MALE;Frozen Small maroon;ORH
4;1080p Australia Global;Neoma0@gmail.com;turquoise;Future;OTHER;Synchronised revolutionize;Arh
5;human-resource Plastic;Makenna.Carter@yahoo.com;Avon Open-architected;AI yellow;MALE;Movies bandwidth throughput;ARH
6;Handcrafted;Giovani_Nolan59@yahoo.com;District impactful;embrace;OTHER;Salad programming mindshare;ABrh
7;synthesizing Fully-configurable Kuwaiti;Greg.Schimmel@yahoo.com;Australian;Sausages Hollow;MALE;Garden;Arh
8;Small Faroe Ergonomic;Gennaro_Hayes42@hotmail.com;Intelligent withdrawal;Paradigm Ergonomic;MALE;Avon content-based;ORH
9;Mouse time-frame;Darrick_Koch@gmail.com;grow yellow;quantifying;FEMALE;Sleek indigo Function-based;ABRH
10;Ohio;Sincere.Lindgren@hotmail.com;service-desk Licensed;Inlet quantify;MALE;Granite Wooden magenta;ORH
